{
  "normal_iou": 0.6917420855735424,
  "tta_iou": 0.6982145448577654,
  "tta_f1": 0.8141718002122059
}